ID;Область;Роль;Функция;Пользовательская история;Ожидаемое поведение по коду;Источник в коде;Статус функции;Статус теста;Ошибки/риски;Статус исправления;Статус повторной проверки
RL-US-001;Telegram бот;Новый пользователь;Регистрация через /start;Как новый пользователь я хочу запустить бота чтобы попасть в систему Rocket Lunch;Бот создает или обновляет пользователя по Telegram ID, показывает приветствие, в личном чате добавляет кнопку открытия Mini App при доступном WEBAPP_URL;backend/src/bot/commands/start.ts;Неосновной контур;Исключено из основного Mini App цикла;Команды и callback-поведение Telegram не меняем в этом цикле, основной пользовательский поток тестируется через Mini App;Не меняем по уточнению пользователя;Не требуется для Mini App цикла
RL-US-002;Telegram бот;Возвращающийся пользователь;Повторный /start;Как зарегистрированный пользователь я хочу снова открыть бота и получить краткое приветствие;Бот обновляет данные пользователя и отвечает сообщением с возвращением без повторного сценария нового пользователя;backend/src/bot/commands/start.ts;Неосновной контур;Исключено из основного Mini App цикла;Команды и callback-поведение Telegram не меняем в этом цикле, основной пользовательский поток тестируется через Mini App;Не меняем по уточнению пользователя;Не требуется для Mini App цикла
RL-US-003;Telegram бот;Пользователь;Deep link на меню группы;Как пользователь я хочу открыть меню конкретной группы по ссылке чтобы сразу попасть в нужный контекст;Параметр /start menu_<groupId> отвечает кнопкой Mini App с query groupId;backend/src/bot/commands/start.ts;Неосновной контур;Исключено из основного Mini App цикла;Команды и callback-поведение Telegram не меняем в этом цикле, основной пользовательский поток тестируется через Mini App;Не меняем по уточнению пользователя;Не требуется для Mini App цикла
RL-US-004;Telegram бот;Администратор;Deep link добавления блюда;Как администратор я хочу открыть форму добавления блюда из Telegram-ссылки;Параметр /start add_<groupId> отвечает кнопкой Mini App с groupId и action=add;backend/src/bot/commands/start.ts;Неосновной контур;Исключено из основного Mini App цикла;Команды и callback-поведение Telegram не меняем в этом цикле, основной пользовательский поток тестируется через Mini App;Не меняем по уточнению пользователя;Не требуется для Mini App цикла
RL-US-005;Telegram бот;Участник голосования;Deep link голосования;Как участник я хочу открыть конкретное голосование из Telegram;Параметр /start vote_<pollId> проверяет активность голосования и возвращает кнопку Mini App с pollId;backend/src/bot/commands/start.ts;Неосновной контур;Исключено из основного Mini App цикла;Команды и callback-поведение Telegram не меняем в этом цикле, основной пользовательский поток тестируется через Mini App;Не меняем по уточнению пользователя;Не требуется для Mini App цикла
RL-US-006;Telegram бот;Участник забега в магазин;Deep link магазинного забега;Как участник я хочу открыть конкретный заказ в магазине из Telegram;Параметр /start storerun_<id> возвращает кнопку Mini App со storeRunId;backend/src/bot/commands/start.ts frontend/src/App.tsx;Неосновной контур;Исключено из основного Mini App цикла;Команды и callback-поведение Telegram не меняем в этом цикле, основной пользовательский поток тестируется через Mini App;Не меняем по уточнению пользователя;Не требуется для Mini App цикла
RL-US-007;Telegram бот;Администратор;Deep link быстрого голосования;Как администратор я хочу открыть создание голосования из Telegram-ссылки;Параметр /start poll_<groupId> открывает Mini App с groupId и action=poll при HTTPS WEBAPP_URL, иначе предлагает /startpoll;backend/src/bot/commands/start.ts;Неосновной контур;Исключено из основного Mini App цикла;Команды и callback-поведение Telegram не меняем в этом цикле, основной пользовательский поток тестируется через Mini App;Не меняем по уточнению пользователя;Не требуется для Mini App цикла
RL-US-008;Telegram бот;Пользователь;Команда /help;Как пользователь я хочу увидеть краткую справку по командам;В личном чате бот отправляет справку и кнопку Mini App, в группе отправляет справку без web_app кнопки;backend/src/bot/commands/help.ts;Неосновной контур;Исключено из основного Mini App цикла;Команды и callback-поведение Telegram не меняем в этом цикле, основной пользовательский поток тестируется через Mini App;Не меняем по уточнению пользователя;Не требуется для Mini App цикла
RL-US-009;Telegram бот;Пользователь;Команда /app;Как пользователь я хочу быстро открыть Mini App;В личном чате бот показывает кнопку Mini App, в группе объясняет ограничение Telegram и показывает кнопки справки/меню;backend/src/bot/commands/app.ts;Неосновной контур;Исключено из основного Mini App цикла;Команды и callback-поведение Telegram не меняем в этом цикле, основной пользовательский поток тестируется через Mini App;Не меняем по уточнению пользователя;Не требуется для Mini App цикла
RL-US-010;Telegram бот;Пользователь;Команда /menu в группе;Как участник группы я хочу увидеть меню и статистику прямо из группы;Бот проверяет регистрацию и группу, показывает статистику, популярные блюда и кнопки открытия управления/списка/поиска/популярного/категорий;backend/src/bot/commands/menu.ts;Неосновной контур;Исключено из основного Mini App цикла;Команды и callback-поведение Telegram не меняем в этом цикле, основной пользовательский поток тестируется через Mini App;Не меняем по уточнению пользователя;Не требуется для Mini App цикла
RL-US-011;Telegram бот;Пользователь;Команда /menu в личном чате;Как пользователь я хочу понять где теперь находится групповое меню;Бот сообщает что меню привязано к группе и просит открыть Mini App из группы;backend/src/bot/commands/menu.ts;Неосновной контур;Исключено из основного Mini App цикла;Команды и callback-поведение Telegram не меняем в этом цикле, основной пользовательский поток тестируется через Mini App;Не меняем по уточнению пользователя;Не требуется для Mini App цикла
RL-US-012;Telegram бот;Участник группы;Показать список блюд из Telegram;Как участник я хочу нажать «Показать список» и увидеть активные блюда;handleShowMenuList строит текстовый список активных блюд текущей группы;backend/src/bot/commands/menu.ts backend/src/bot/bot.ts;Неосновной контур;Исключено из основного Mini App цикла;Команды и callback-поведение Telegram не меняем в этом цикле, основной пользовательский поток тестируется через Mini App;Не меняем по уточнению пользователя;Не требуется для Mini App цикла
RL-US-013;Telegram бот;Участник группы;Поиск блюда из Telegram;Как участник я хочу нажать «Поиск блюда» и искать меню в чате;Бот спрашивает поисковый запрос, затем ищет активные блюда группы по названию или описанию;backend/src/bot/commands/menu.ts backend/src/bot/bot.ts;Неосновной контур;Исключено из основного Mini App цикла;Команды и callback-поведение Telegram не меняем в этом цикле, основной пользовательский поток тестируется через Mini App;Не меняем по уточнению пользователя;Не требуется для Mini App цикла
RL-US-014;Telegram бот;Участник группы;Популярные блюда из Telegram;Как участник я хочу нажать «Популярные» и увидеть лидеров меню;Бот показывает до 10 популярных активных блюд группы с голосами и победами;backend/src/bot/commands/menu.ts backend/src/bot/bot.ts;Неосновной контур;Исключено из основного Mini App цикла;Команды и callback-поведение Telegram не меняем в этом цикле, основной пользовательский поток тестируется через Mini App;Не меняем по уточнению пользователя;Не требуется для Mini App цикла
RL-US-015;Telegram бот;Участник группы;Категории из Telegram;Как участник я хочу нажать «Категории» и увидеть группировку блюд;Так как в модели MenuItem нет поля категории, бот показывает понятное сообщение и предлагает список или поиск;backend/src/bot/commands/menu.ts backend/src/bot/bot.ts backend/prisma/schema.prisma;Неосновной контур;Исключено из основного Mini App цикла;Команды и callback-поведение Telegram не меняем в этом цикле, основной пользовательский поток тестируется через Mini App;Не меняем по уточнению пользователя;Не требуется для Mini App цикла
RL-US-016;Telegram бот;Администратор;Быстрое добавление блюда из Telegram;Как администратор я хочу быстро добавить блюдо через чат;Бот проверяет админство в группе, ждёт название блюда, создает активное блюдо в текущей группе и поддерживает отмену;backend/src/bot/commands/menu.ts backend/src/bot/bot.ts;Неосновной контур;Исключено из основного Mini App цикла;Команды и callback-поведение Telegram не меняем в этом цикле, основной пользовательский поток тестируется через Mini App;Не меняем по уточнению пользователя;Не требуется для Mini App цикла
RL-US-017;Telegram бот;Администратор;Настройки меню из Telegram;Как администратор я хочу открыть настройки меню из кнопки;Бот отвечает, что настройки меню доступны в Mini App через кнопку управления;backend/src/bot/commands/menu.ts backend/src/bot/bot.ts;Неосновной контур;Исключено из основного Mini App цикла;Команды и callback-поведение Telegram не меняем в этом цикле, основной пользовательский поток тестируется через Mini App;Не меняем по уточнению пользователя;Не требуется для Mini App цикла
RL-US-018;Группа Telegram;Администратор группы;Добавление бота в группу;Как администратор я хочу добавить бота в группу чтобы включить обеды;Бот обрабатывает my_chat_member, регистрирует группу, отправляет приветствие с кнопкой «Я обедаю» и ссылкой на Mini App, настраивает кнопку Menu;backend/src/bot/events/group-events.ts backend/src/bot/keyboards/webapp.keyboard.ts;Неосновной контур;Исключено из основного Mini App цикла;Команды и callback-поведение Telegram не меняем в этом цикле, основной пользовательский поток тестируется через Mini App;Не меняем по уточнению пользователя;Не требуется для Mini App цикла
RL-US-019;Группа Telegram;Участник;Опт-ин «Я обедаю»;Как участник группы я хочу отметиться что участвую в обедах;Кнопка optin регистрирует пользователя, добавляет его в группу, включает participatesInPolls и дописывает имя в приветственное сообщение без дублей;backend/src/bot/handlers/group.handlers.ts;Неосновной контур;Исключено из основного Mini App цикла;Команды и callback-поведение Telegram не меняем в этом цикле, основной пользовательский поток тестируется через Mini App;Не меняем по уточнению пользователя;Не требуется для Mini App цикла
RL-US-020;Группа Telegram;Система;Синхронизация состава группы;Как система я хочу поддерживать список участников группы актуальным;Бот слушает chat_member и message:new_chat_members, добавляет или деактивирует участников группы;backend/src/bot/events/group-events.ts backend/src/services/group.service.ts;Неосновной контур;Исключено из основного Mini App цикла;Команды и callback-поведение Telegram не меняем в этом цикле, основной пользовательский поток тестируется через Mini App;Не меняем по уточнению пользователя;Не требуется для Mini App цикла
RL-US-021;Mini App вход;Пользователь;Проверка Telegram initData;Как пользователь я хочу чтобы Mini App безопасно распознал меня;Фронтенд отправляет initData в /api/auth/validate, бэкенд выдает токен, /auth/me и /auth/status возвращают текущего пользователя;frontend/src/hooks/useAuth.ts frontend/src/services/auth.service.ts backend/src/api/routes/auth.routes.ts;Исправлено;Пройдено;/auth/status возвращает authenticated и user верхним уровнем ответа, а фронтенд раньше искал их только внутри data, validateInitData писал preview initData в консоль;authService нормализует оба формата /auth/status и больше не пишет Telegram initData в console.log;Повторная проверка пройдена: frontend npm test -- tests/services/auth.service.test.ts --run
RL-US-022;Mini App вход;Пользователь;Обновление авторизации;Как пользователь я хочу оставаться в приложении без повторного входа;Фронтенд вызывает /api/auth/refresh через refreshTokenMiddleware, токен обновляется;frontend/src/services/auth.service.ts backend/src/api/routes/auth.routes.ts;Исправлено;Пройдено;/auth/refresh на бэкенде принимает только refresh-токен, а фронтенд раньше хранил только access-токен и вызывал refresh без нужного Authorization;authService сохраняет refreshToken из /auth/validate, отправляет его на /auth/refresh и обновляет сохраненный refreshToken после успешного ответа;Повторная проверка пройдена: frontend npm test -- tests/services/auth.service.test.ts --run
RL-US-023;Mini App навигация;Пользователь;Нижняя навигация;Как пользователь я хочу быстро переключаться между главной, меню, статистикой и профилем;BottomNavigation ведет на /, /menu, /stats, /profile, подсвечивает текущую вкладку и делает предварительную загрузку главной;frontend/src/components/layout/BottomNavigation.tsx frontend/src/App.tsx;Исправлено;Пройдено;В BottomNavigation были постоянные console.log при монтировании, смене маршрута и автообновлении;Удалены debug-логи и лишний useAuth, поведение навигации и автообновления сохранено;Повторная проверка пройдена: rg console по BottomNavigation пустой, frontend npm run type-check и npm test -- --run
RL-US-024;Mini App навигация;Пользователь;Глубокие ссылки Mini App;Как пользователь я хочу открывать приложение сразу на нужном голосовании или забеге;App читает initDataUnsafe.start_param и query pollId/storeRunId, затем показывает голосование на главной или ведет на /store-run/:id;frontend/src/App.tsx;Исправлено;Пройдено;Логика глубоких ссылок была зашита в эффекты App.tsx и не проверяла что pollId/storeRunId являются числовыми значениями;Добавлен resolveMiniAppDeepLinkNavigation для vote_, storerun_ и legacy storeRunId, битые идентификаторы теперь игнорируются без перехода;Повторная проверка пройдена: frontend npm test -- tests/lib/deep-links.test.ts --run и npm run type-check
RL-US-025;Группы;Пользователь нескольких групп;Выбор текущей группы;Как пользователь я хочу работать с меню и голосованиями нужной группы;useCurrentGroup загружает группы пользователя и выбирает сохраненную или первую доступную группу;frontend/src/hooks/useCurrentGroup.ts frontend/src/components/layout/GroupSelector.tsx;Исправлено;Пройдено;При успешной загрузке пустого списка групп useCurrentGroup раньше оставлял сохраненный currentGroupId от старой группы;useCurrentGroup очищает устаревший currentGroupId только после успешной загрузки групп и выбирает первую доступную группу при непустом списке;Повторная проверка пройдена: frontend npm test -- tests/hooks/useCurrentGroup.test.tsx --run
RL-US-026;Главная;Пользователь;Главный экран без активного голосования;Как пользователь я хочу понять что сейчас нет голосования и что можно сделать дальше;HomePage показывает приветствие, карточку пустого состояния, действия, бюджет и магазинные забеги;frontend/src/pages/HomePage.tsx frontend/src/components/home/HomeEmptyStateCard.tsx;Проверено;Пройдено;Явных ошибок в HomeEmptyStateCard не найдено;Исправление не требуется;Проверка пройдена: frontend npm test -- tests/components/HomeEmptyStateCard.test.tsx --run
RL-US-027;Главная;Администратор;Создание разового голосования из Mini App;Как администратор я хочу создать голосование для группы из приложения;CreatePollForm выбирает группу, длительность, режим выбора, набор блюд и вызывает /api/polls/create-from-webapp;frontend/src/components/polls/CreatePollForm.tsx frontend/src/services/polls.service.ts backend/src/api/routes/poll.routes.ts;Исправлено;Пройдено;Исправлено: форма раньше грузила меню по currentGroupId и могла показать пустое или чужое меню при создании голосования. Теперь меню грузится по выбранной группе;Исправлено в CreatePollForm;Пройдено
RL-US-028;Главная;Администратор;Выбор всех или случайных блюд при создании голосования;Как администратор я хочу быстро заполнить список блюд для голосования;Форма умеет выбрать все блюда или случайный набор, затем передает selectedMenuItems;frontend/src/components/polls/CreatePollForm.tsx;Проверено;Пройдено;Нет;Не требуется;Пройдено
RL-US-029;Главная;Администратор;Создание расписания автоматического голосования;Как администратор я хочу настроить повторяющееся голосование;RecurringPollForm выбирает дни, время, длительность, блюда и создает/обновляет запись через /api/recurring;frontend/src/components/polls/RecurringPollForm.tsx frontend/src/services/recurring-poll.service.ts backend/src/api/routes/recurring-poll.routes.ts;Исправлено;Пройдено;Исправлено: форма расписания раньше неверно читала JSON-строки daysOfWeek и selectedMenuItemIds из API. Существующее расписание могло открыться с невалидным выбором и заблокированной кнопкой обновления;Исправлено в RecurringPollForm;Пройдено
RL-US-030;Бот голосования;Администратор группы;Запуск голосования командой /startpoll;Как администратор группы я хочу запустить голосование из чата;Команда доступна только в группе, проверяет права Telegram-админа, активное меню и отсутствие другого активного голосования, создает голосование и сообщение с кнопкой;backend/src/bot/commands/startpoll.ts;Неосновной контур;Исключено из основного Mini App цикла;Команды и callback-поведение Telegram не меняем в этом цикле, основной пользовательский поток тестируется через Mini App;Не меняем по уточнению пользователя;Не требуется для Mini App цикла
RL-US-031;Бот голосования;Система;Автообновление сообщения голосования;Как участник я хочу видеть актуальный счетчик голосов в сообщении;После /startpoll бот раз в минуту редактирует сообщение активного голосования до завершения;backend/src/bot/commands/startpoll.ts;Неосновной контур;Исключено из основного Mini App цикла;Команды и callback-поведение Telegram не меняем в этом цикле, основной пользовательский поток тестируется через Mini App;Не меняем по уточнению пользователя;Не требуется для Mini App цикла
RL-US-032;Бот голосования;Система;Автозавершение голосования по времени;Как группа я хочу чтобы голосование завершалось само;setTimeout завершает активный опрос, редактирует сообщение с результатами и запускает рулетку при наличии голосов;backend/src/bot/commands/startpoll.ts backend/src/services/poll.service.ts;Неосновной контур;Исключено из основного Mini App цикла;Команды и callback-поведение Telegram не меняем в этом цикле, основной пользовательский поток тестируется через Mini App;Не меняем по уточнению пользователя;Не требуется для Mini App цикла
RL-US-033;Бот голосования;Система;Напоминания о голосовании;Как участник я хочу получить напоминание до завершения голосования;PollReminderService планирует напоминания на 10 минут, 2 минуты и финал;backend/src/bot/commands/startpoll.ts backend/src/services/poll-reminder.service.ts;Неосновной контур;Исключено из основного Mini App цикла;Команды и callback-поведение Telegram не меняем в этом цикле, основной пользовательский поток тестируется через Mini App;Не меняем по уточнению пользователя;Не требуется для Mini App цикла
RL-US-034;Голосование;Участник;Просмотр активного голосования на главной;Как участник я хочу увидеть активное голосование и доступные блюда;InlineVotingCard показывает статус, таймер, блюда, текущие голоса и разворачиваемое состояние;frontend/src/components/voting/InlineVotingCard.tsx frontend/src/pages/HomePage.tsx;Проверено;Пройдено;Нет;Не требуется;Пройдено
RL-US-035;Голосование;Участник;Одиночный выбор блюда;Как участник я хочу выбрать одно блюдо когда голосование настроено на один выбор;InlineVotingCard в одиночном режиме держит один выбранный пункт и отправляет одиночный голос через /api/polls/:id/vote;frontend/src/components/voting/InlineVotingCard.tsx backend/src/api/routes/poll.routes.ts;Исправлено;Пройдено;Одиночный режим раньше отправлял голос через метод множественного выбора;Исправлено в InlineVotingCard;Пройдено
RL-US-036;Голосование;Участник;Множественный выбор блюд;Как участник я хочу выбрать до трех блюд;InlineVotingCard ограничивает выбор maxSelections, сервер дополнительно проверяет максимум и сохраняет несколько голосов;frontend/src/components/voting/InlineVotingCard.tsx backend/src/api/controllers/poll.controller.ts backend/src/services/vote.service.ts;Проверено;Пройдено;Нет;Не требуется;Пройдено
RL-US-037;Голосование;Участник;Отмена своего голоса;Как участник я хочу отменить отправленный голос пока голосование активно;Кнопка отмены вызывает DELETE /api/polls/:id/vote, сервер удаляет голоса текущего пользователя;frontend/src/components/voting/InlineVotingCard.tsx backend/src/api/routes/poll.routes.ts;Проверено;Пройдено;Нет;Не требуется;Пройдено
RL-US-038;Голосование;Администратор;Досрочное завершение голосования;Как администратор я хочу завершить голосование до таймера;InlineVotingCard вызывает PATCH /api/polls/:id/complete, сервер завершает голосование и создает результат;frontend/src/components/voting/InlineVotingCard.tsx backend/src/api/routes/poll.routes.ts;Проверено;Пройдено;Нет;Не требуется;Пройдено
RL-US-039;Голосование;Администратор;Отмена голосования;Как администратор я хочу отменить ошибочное голосование;InlineVotingCard открывает подтверждение и вызывает PATCH /api/polls/:id/cancel;frontend/src/components/voting/InlineVotingCard.tsx backend/src/api/routes/poll.routes.ts;Проверено;Пройдено;Нет;Не требуется;Пройдено
RL-US-040;Голосование;Администратор;Управление участниками текущего голосования;Как администратор я хочу исключить отсутствующих из кворума;PollParticipantsAdminSection получает участников и меняет статус EXPECTED/EXCLUDED через /api/admin/polls/:pollId/participants/:userId;frontend/src/components/polls/PollParticipantsAdminSection.tsx backend/src/api/routes/admin.routes.ts;Исправлено;Пройдено;Mini App не обновлял главный экран при автозакрытии после изменения участника потому что читал autoClosed внутри data вместо верхнего уровня ответа;PollParticipantsAdminSection читает res.autoClosed, тип ответа adminService уточнен;Пройдено
RL-US-041;Голосование;Система;Автозавершение по кворуму;Как группа я хочу чтобы голосование завершилось когда все ожидаемые участники проголосовали;После голосования сервер вызывает PollService.checkAutoComplete и completePollMultiWinner при выполнении условий;backend/src/api/controllers/poll.controller.ts backend/src/services/poll.service.ts;Проверено;Пройдено;Нет;Не требуется;Пройдено
RL-US-042;Голосование;Участник;Просмотр завершенного голосования на главной;Как участник я хочу увидеть победителей и итоги последнего голосования;CompletedPollWidget показывает победителей, ответственного, голоса, может сворачиваться и скрываться;frontend/src/components/polls/CompletedPollWidget.tsx frontend/src/hooks/useCompletedPollVisibility.ts;Исправлено;Пройдено;CompletedPollWidget считал голоса только из _count.votes и мог не показать число участников при наличии votes без _count;voteCount теперь использует poll._count?.votes ?? votes.length, лишний console.error из компонента удален;Пройдено
RL-US-043;Голосование;Участник;Мультипобедители;Как участник я хочу увидеть несколько победивших блюд и кто что выбрал;MultiWinnerResults показывает победителей, группы голосовавших, «со своим» и пропущенных, позволяет копировать результаты;frontend/src/components/voting/MultiWinnerResults.tsx backend/src/api/controllers/poll.controller.ts;Исправлено;Пройдено;MultiWinnerResults показывал только количество пропустивших и не включал их имена в копируемый текст;Добавлен вывод skipped.voters и строка Пропускают в copyToClipboard, лишний console.error удален;Пройдено
RL-US-044;Голосование;Администратор;Рулетка ответственного;Как администратор я хочу выбрать ответственного после голосования;Серверная рулетка выбирает ответственного из проголосовавших и сохраняет PollResult, Mini App показывает выбранного ответственного через оверлей результата;backend/src/services/roulette.service.ts backend/src/api/controllers/poll.controller.ts frontend/src/components/voting/RouletteRevealOverlay.tsx;Проверено;Пройдено;Нет;Не требуется;Пройдено
RL-US-045;Голосование;Участник;Страница результатов голосования;Как участник я хочу открыть результаты конкретного голосования;PollResultsPage загружает /api/polls/:id/results и показывает состояние загрузки, ошибку, победителя и кнопку назад;frontend/src/pages/PollResultsPage.tsx backend/src/api/routes/poll.routes.ts frontend/tests/components/PollResults.test.tsx;Исправлено;Пройдено;Сервер возвращает {result, breakdown}, а страница ждала одиночный PollResult, договор нормализован во frontend/src/services/polls.service.ts;PollResultsPage читает response.data.result и response.data.breakdown;Повторная проверка пройдена: frontend npm test -- --run, 49 файлов и 151 проверка
RL-US-046;Голосование;Участник;Детальная разбивка голосов;Как участник я хочу увидеть кто за что голосовал;PollResults компонент вызывает getPollVoteBreakdown для /api/polls/:id/breakdown;frontend/src/components/polls/PollResults.tsx frontend/src/services/polls.service.ts;Исправлено;Пройдено;Отдельного backend-маршрута GET /api/polls/:id/breakdown нет, детальная разбивка уже приходит из /api/polls/:id/results;PollResults больше не вызывает /breakdown и использует breakdown из getPollResults;Повторная проверка пройдена: PollResults.test.tsx подтверждает отображение блюда, ответственного и отсутствие запроса /breakdown
RL-US-047;Голосование;Пользователь;Экспорт результатов голосования;Как пользователь я хочу выгрузить результаты голосования;PollResults вызывает exportPollData на /api/polls/:id/export?format=json;frontend/src/components/polls/PollResults.tsx frontend/src/services/polls.service.ts;Исправлено;Пройдено;Отдельного backend-маршрута GET /api/polls/:id/export нет, экспорт теперь строится из данных /api/polls/:id/results;exportPollData использует getPollResults и локально формирует JSON или CSV;Повторная проверка пройдена: PollResults.test.tsx подтверждает экспорт без запроса /export
RL-US-048;Голосование;Пользователь;История голосований;Как пользователь я хочу смотреть завершенные голосования группы;PollHistoryPage загружает /api/polls/history с пагинацией, фильтрует уже загруженный список на клиенте и открывает страницу результатов выбранного голосования;frontend/src/pages/PollHistoryPage.tsx frontend/tests/components/PollHistoryPage.test.tsx backend/src/api/routes/poll.routes.ts backend/src/services/poll.service.ts;Исправлено;Пройдено;При смене фильтра страница повторно загружала историю и добавляла дубли голосований с одинаковыми ключами;Фильтр больше не запускает повторную загрузку, добавление страниц использует текущее состояние списка;Повторная проверка пройдена: frontend npm test -- --run tests/components/PollHistoryPage.test.tsx и backend npx jest poll.service getPollHistory
RL-US-049;Голосование;Администратор;Повторить вчерашнее голосование;Как администратор я хочу создать копию последнего завершенного голосования;HomePage получает last-completed для текущей группы, показывает администратору действие Повторить и вызывает POST /api/polls/repeat/:id;frontend/src/pages/HomePage.tsx frontend/src/components/home/HomeActionsSection.tsx frontend/src/services/polls.service.ts backend/src/api/routes/poll.routes.ts backend/src/services/poll.service.ts;Исправлено;Пройдено;В Mini App не было пользовательского входа для повтора, getLastCompleted не принимал groupId;Добавлены плитка Повторить, загрузка последнего завершенного голосования по группе и групповой маршрут getLastCompleted(groupId);Повторная проверка пройдена: HomeActionsSection.test.tsx, polls.service.test.ts и backend poll.service getLastCompletedPoll
RL-US-050;Голосование;Разработчик/старый код;Старый метод closePoll;Как старый компонент я ожидаю закрыть голосование через closePoll;usePolls вызывает pollsService.closePoll, а сервис ходит на POST /api/polls/:id/close;frontend/src/hooks/usePolls.ts frontend/src/services/polls.service.ts;Исправлено;Пройдено;Старый метод closePoll ходил на отсутствующий POST /api/polls/:id/close;closePoll переиспользует актуальный PATCH /api/polls/:id/complete через completePoll;Повторная проверка пройдена: frontend npm test -- tests/services/polls.service.test.ts --run
RL-US-051;Голосование;Разработчик/старый код;Получение своих голосов в опросе;Как компонент я хочу получить выбранные пользователем блюда;pollsService.getUserVotes ходит на /api/polls/:id/my-votes;frontend/src/services/polls.service.ts backend/src/api/routes/vote.routes.ts;Исправлено;Пройдено;getUserVotes ходил на отсутствующий /api/polls/:id/my-votes;getUserVotes переведен на существующий GET /api/votes/:pollId/user;Повторная проверка пройдена: frontend npm test -- tests/services/polls.service.test.ts --run
RL-US-052;Голосование;Разработчик/старый код;Поиск, тренды, сравнение голосований;Как аналитический экран я хочу искать, сравнивать и смотреть тренды голосований;pollsService содержит searchPolls, getPollTrends и comparePolls;frontend/src/services/polls.service.ts backend/src/api/routes/poll.routes.ts;Устаревший непроверяемый слой;Исключено из текущего Mini App цикла;searchPolls, getPollTrends и comparePolls не имеют backend-маршрутов и не используются текущими компонентами Mini App;Не меняем без пользовательского экрана или потребителя метода;Проверено поиском по коду: вызовов методов в frontend/src и frontend/tests нет
RL-US-053;Меню;Пользователь;Просмотр меню группы;Как пользователь я хочу видеть блюда текущей группы;MenuPage через useMenuItems берет currentGroupId, загружает /api/menu?groupId=... и показывает блюда текущей группы;frontend/src/pages/MenuPage.tsx frontend/src/hooks/queries/useMenuQueries.ts frontend/src/services/menu.service.ts backend/src/api/routes/menu.routes.ts backend/src/services/menu.service.ts;Проверено;Пройдено;Нет;Не требуется;Пройдено
RL-US-054;Меню;Пользователь;Поиск по меню;Как пользователь я хочу найти блюдо по названию;MenuPage локально фильтрует загруженные блюда по названию или описанию, menuService.searchItems ходит в /api/menu/search с groupId и query;frontend/src/pages/MenuPage.tsx frontend/src/services/menu.service.ts backend/src/api/routes/menu.routes.ts backend/src/services/menu.service.ts;Проверено;Пройдено;Нет;Не требуется;Пройдено
RL-US-055;Меню;Администратор;Добавление блюда;Как администратор я хочу добавить блюдо в одну или несколько групп;MenuForm собирает название, описание, цену, изображение и groupIds, MenuPage вызывает POST /api/menu с выбранными groupIds;frontend/src/components/menu/MenuForm.tsx frontend/src/pages/MenuPage.tsx frontend/src/services/menu.service.ts backend/src/api/routes/menu.routes.ts backend/src/services/menu.service.ts;Исправлено;Пройдено;Ранее был подтвержден backend-риск потери groupIds, Mini App-форма не была полностью проверена;Нормализация groupId -> groupIds сохранена, добавлены frontend-проверки формы и POST-контракта;Повторная проверка пройдена: MenuForm.test.tsx, menu.service.test.ts, backend validation.test.ts и menu-multigroup.service.test.ts
RL-US-056;Меню;Администратор;Редактирование блюда;Как администратор я хочу изменить данные блюда;MenuPage открывает MenuForm с текущими данными и вызывает PUT /api/menu/:id?groupId=...;frontend/src/pages/MenuPage.tsx frontend/src/components/menu/MenuList.tsx frontend/src/services/menu.service.ts backend/src/services/menu.service.ts backend/src/api/routes/menu.routes.ts;Исправлено;Пройдено;MenuForm возвращала groupIds при редактировании, frontend отправлял это поле в PUT и сервер мог передать его в Prisma;Клиентский updateItem и серверный MenuService.updateMenuItem отбрасывают create-only groupIds/groupId из тела обновления;Пройдено: frontend MenuPage.test.tsx + menu.service.test.ts, backend menu.service.test.ts
RL-US-057;Меню;Администратор;Удаление блюда;Как администратор я хочу удалить блюдо из меню группы;MenuPage показывает подтверждение и вызывает DELETE /api/menu/:id?groupId=...;frontend/src/pages/MenuPage.tsx frontend/src/components/menu/MenuList.tsx frontend/src/services/menu.service.ts backend/src/services/menu.service.ts backend/src/api/routes/menu.routes.ts;Проверено;Пройдено;Нет;Не требуется;Пройдено: frontend MenuPage.test.tsx + menu.service.test.ts, backend menu.service.test.ts
RL-US-058;Меню;Администратор;Архивация/активация блюда;Как администратор я хочу быстро скрывать и возвращать блюда без удаления;MenuRow вызывает PATCH /api/menu/:id/toggle?groupId=... и обновляет статус;frontend/src/pages/MenuPage.tsx frontend/src/components/menu/MenuRow.tsx frontend/src/services/menu.service.ts backend/src/services/menu.service.ts backend/src/api/routes/menu.routes.ts;Проверено;Пройдено;Нет;Не требуется;Пройдено: frontend MenuPage.test.tsx + menu.service.test.ts, backend menu.service.test.ts
RL-US-059;Меню;Пользователь;Популярные блюда и статистика меню;Как пользователь я хочу видеть популярные блюда и статистику меню;Сервисы читают /api/menu/popular и /api/menu/stats с groupId;frontend/src/services/menu.service.ts backend/src/services/menu.service.ts backend/src/api/routes/menu.routes.ts;Проверено;Пройдено;Нет;Не требуется;Пройдено: frontend menu.service.test.ts, backend menu.service.test.ts
RL-US-060;Предложения меню;Пользователь;Предложить новое блюдо;Как участник я хочу предложить блюдо администратору;SuggestDishForm отправляет название, описание, цену, картинку и groupId в /api/suggestions;frontend/src/components/menu/SuggestDishForm.tsx frontend/src/hooks/useSuggestions.ts frontend/src/services/suggestion.service.ts backend/src/services/menu-suggestion.service.ts backend/src/api/routes/menu-suggestion.routes.ts;Проверено;Пройдено;Нет;Не требуется;Пройдено: frontend suggestion.service.test.ts + useSuggestions.test.tsx, backend menu-suggestion.service.test.ts
RL-US-061;Предложения меню;Пользователь;Мои предложения;Как пользователь я хочу видеть свои предложения и их статусы;MySuggestionsPage фильтрует по статусу, ищет по названию и ведет на создание нового предложения через меню;frontend/src/pages/MySuggestionsPage.tsx frontend/src/hooks/useSuggestions.ts frontend/src/services/suggestion.service.ts;Исправлено;Пройдено;Список предложений не добавлял текущую группу в запрос и мог смешивать предложения разных групп пользователя;useSuggestions теперь всегда добавляет currentGroupId в запросы предложений;Пройдено: SuggestionsFlow.test.tsx + useSuggestions.test.tsx + suggestion.service.test.ts
RL-US-062;Предложения меню;Администратор;Модерация предложений;Как администратор я хочу одобрять, отклонять и удалять предложения;SuggestionsPage/SuggestionsPanel показывают вкладки статусов, счетчики, approve/reject/delete через /api/suggestions;frontend/src/pages/SuggestionsPage.tsx frontend/src/components/menu/SuggestionsPanel.tsx frontend/src/hooks/useSuggestions.ts frontend/src/services/suggestion.service.ts backend/src/services/menu-suggestion.service.ts backend/src/api/routes/menu-suggestion.routes.ts backend/src/api/controllers/menu-suggestion.controller.ts;Исправлено;Пройдено;Счетчики были глобальными, удаление не передавало groupId, а серверная модерация не сверяла группу предложения с выбранной группой;Статистика, счетчик, список, approve/reject/delete стали group-scoped, сервер запрещает модерацию предложения из другой группы;Пройдено: SuggestionsFlow.test.tsx + useSuggestions.test.tsx + suggestion.service.test.ts + backend menu-suggestion.service.test.ts + backend build
RL-US-063;Магазинный забег;Пользователь;Список активных забегов;Как пользователь я хочу видеть кто сейчас идет в магазин;ActiveStoreRunsSection загружает /api/store-runs/active и показывает карточки забегов;frontend/src/components/store-run/ActiveStoreRunsSection.tsx frontend/src/components/store-run/StoreRunCard.tsx frontend/src/services/store-run.service.ts backend/src/services/store-run.service.ts backend/src/api/routes/store-run.routes.ts;Проверено;Пройдено;Нет;Не требуется;Пройдено: StoreRunFlow.test.tsx + store-run.service.test.ts + backend store-run.service.test.ts
RL-US-064;Магазинный забег;Инициатор;Создание магазинного забега;Как пользователь я хочу объявить что иду в магазин;CreateStoreRunSheet выбирает группу, название магазина и длительность сбора, вызывает POST /api/store-runs и открывает страницу забега;frontend/src/components/store-run/CreateStoreRunSheet.tsx frontend/src/services/store-run.service.ts backend/src/services/store-run.service.ts backend/src/api/routes/store-run.routes.ts;Проверено;Пройдено;Нет;Не требуется;Пройдено: StoreRunFlow.test.tsx + store-run.service.test.ts + backend store-run.service.test.ts
RL-US-065;Магазинный забег;Участник;Добавление позиций в забег;Как участник я хочу добавить что мне купить;ParticipantView добавляет одно или несколько StoreItem через POST /api/store-runs/:id/items пока идет сбор;frontend/src/components/store-run/ParticipantView.tsx frontend/src/services/store-run.service.ts backend/src/services/store-run.service.ts backend/src/api/routes/store-run.routes.ts;Проверено;Пройдено;Нет;Не требуется;Пройдено: StoreRunFlow.test.tsx + store-run.service.test.ts + backend store-run.service.test.ts
RL-US-066;Магазинный забег;Участник;Удаление своей позиции;Как участник я хочу удалить ошибочную позицию до начала закупки;ParticipantView вызывает DELETE /api/store-runs/:id/items/:itemId;frontend/src/components/store-run/ParticipantView.tsx frontend/src/services/store-run.service.ts backend/src/services/store-run.service.ts backend/src/api/routes/store-run.routes.ts;Проверено;Пройдено;Нет;Не требуется;Пройдено: StoreRunFlow.test.tsx + store-run.service.test.ts + backend store-run.service.test.ts
RL-US-067;Магазинный забег;Инициатор;Начать закупку;Как инициатор я хочу закрыть сбор и перейти к покупке;InitiatorView вызывает POST /api/store-runs/:id/start-shopping, после чего позиции становятся редактируемыми по цене и статусу;frontend/src/components/store-run/InitiatorView.tsx frontend/src/services/store-run.service.ts backend/src/services/store-run.service.ts backend/src/api/routes/store-run.routes.ts;Проверено;Пройдено;Нет;Не требуется;Пройдено: StoreRunFlow.test.tsx + store-run.service.test.ts + backend store-run.service.test.ts
RL-US-068;Магазинный забег;Инициатор;Отметить купленную позицию с ценой;Как инициатор я хочу отметить что купил позицию и сколько она стоила;ItemRow проверяет цену и вызывает POST /api/store-runs/:id/items/:itemId/price со статусом BOUGHT;frontend/src/components/store-run/InitiatorView.tsx frontend/src/services/store-run.service.ts backend/src/services/store-run.service.ts backend/src/api/routes/store-run.routes.ts;Проверено;Пройдено;Нет;Не требуется;Пройдено: StoreRunFlow.test.tsx + store-run.service.test.ts + backend store-run.service.test.ts
RL-US-069;Магазинный забег;Инициатор;Отметить что позиция не найдена;Как инициатор я хочу отметить отсутствующий товар;ItemRow вызывает тот же price endpoint со статусом NOT_FOUND и без цены;frontend/src/components/store-run/InitiatorView.tsx frontend/src/services/store-run.service.ts backend/src/services/store-run.service.ts backend/src/api/routes/store-run.routes.ts;Проверено;Пройдено;Нет;Не требуется;Пройдено: StoreRunFlow.test.tsx + store-run.service.test.ts + backend store-run.service.test.ts
RL-US-070;Магазинный забег;Инициатор;Расчет забега;Как инициатор я хочу завершить закупку и создать долги;InitiatorView вызывает POST /api/store-runs/:id/settle, сервер создает транзакции по купленным позициям и уведомления;frontend/src/components/store-run/InitiatorView.tsx frontend/src/services/store-run.service.ts backend/src/api/routes/store-run.routes.ts backend/src/services/store-run.service.ts;Проверено;Пройдено;Нет;Не требуется;Пройдено: StoreRunFlow.test.tsx + store-run.service.test.ts + backend store-run.service.test.ts
RL-US-071;Магазинный забег;Инициатор;Отмена забега;Как инициатор я хочу отменить сбор до закупки;InitiatorView вызывает POST /api/store-runs/:id/cancel, сервер переводит забег в CANCELLED и чистит сообщения где возможно;frontend/src/components/store-run/InitiatorView.tsx frontend/src/services/store-run.service.ts backend/src/api/routes/store-run.routes.ts backend/src/services/store-run.service.ts;Проверено;Пройдено;Нет;Не требуется;Пройдено: StoreRunFlow.test.tsx + store-run.service.test.ts + backend store-run.service.test.ts
RL-US-072;Бюджет;Пользователь;Компактный виджет бюджета;Как пользователь я хочу быстро видеть есть ли долги или поступления;BudgetWidget/useBudgetWidget загружает долги и кредиты, показывает компактную карточку и модальное окно;frontend/src/components/budget/BudgetWidget.tsx frontend/src/hooks/useBudgetWidget.ts frontend/src/services/budget.service.ts;Исправлено;Пройдено;Бюджетный хук и service писали служебные console-сообщения при обычной загрузке;Убран debug-вывод из useBudgetWidget и budgetService без изменения fallback-поведения;Пройдено: BudgetFlow.test.tsx + budget.service.test.ts + npm run type-check
RL-US-073;Бюджет;Должник;Отметить долг оплаченным;Как должник я хочу отметить что перевел деньги;UrgentDebtView/OverviewView вызывает POST /api/budget/mark-paid, сервер разрешает действие только fromUserId;frontend/src/components/budget/UrgentDebtView.tsx frontend/src/components/budget/OverviewView.tsx backend/src/api/routes/budget.routes.ts backend/src/services/budget.service.ts;Проверено;Пройдено;Нет;Не требуется;Пройдено: BudgetFlow.test.tsx + budget.service.test.ts + backend budget.service.test.ts
RL-US-074;Бюджет;Должник;Открыть оплату через СБП;Как должник я хочу открыть платеж по телефону ответственного;budgetService.openSBP формирует безопасную ссылку qr.nspk.ru и открывает через Telegram WebApp или новое окно;frontend/src/services/budget.service.ts frontend/src/components/budget/UrgentDebtView.tsx;Исправлено;Пройдено;СБП-ссылка передавала сумму в рублях, например 350.25 вместо 35025 копеек;openSBP переводит сумму в копейки, проверяет положительное значение и собирает ссылку через URLSearchParams;Повторная проверка пройдена: budget.service.test.ts
RL-US-075;Бюджет;Должник;Отменить отметку оплаты;Как должник я хочу отменить ошибочную отметку оплаты;WaitingConfirmationView вызывает POST /api/budget/cancel-mark, сервер проверяет fromUserId;frontend/src/components/budget/WaitingConfirmationView.tsx backend/src/api/routes/budget.routes.ts backend/src/services/budget.service.ts;Проверено;Пройдено;Нет;Не требуется;Пройдено: BudgetFlow.test.tsx + backend budget.service.test.ts
RL-US-076;Бюджет;Ответственный;Подтвердить платеж;Как ответственный я хочу подтвердить полученный перевод;ResponsibleView вызывает POST /api/budget/confirm-payment, сервер разрешает действие только toUserId;frontend/src/components/budget/ResponsibleView.tsx backend/src/api/routes/budget.routes.ts backend/src/services/budget.service.ts;Исправлено;Пройдено;В ResponsibleView была нерабочая кнопка Все оплатили и рядом с подтверждением была кнопка-крестик без действия;Добавлен Mini App API POST /api/budget/mark-all-paid, кнопка Все оплатили стала рабочей, нерабочий крестик удален, кнопка подтверждения получила понятное имя;Пройдено: BudgetFlow.test.tsx + budget.service.test.ts + backend budget.service.test.ts + backend build
RL-US-077;Бюджет;Ответственный;Напомнить всем должникам;Как ответственный я хочу разослать напоминания по заказу;ResponsibleView вызывает POST /api/budget/send-reminders-all и показывает сколько отправлено/не отправлено;frontend/src/components/budget/ResponsibleView.tsx backend/src/api/routes/budget.routes.ts backend/src/services/budget.service.ts;Проверено;Пройдено;Нет;Не требуется;Пройдено: BudgetFlow.test.tsx + budget.service.test.ts + backend budget.service.test.ts
RL-US-078;Бюджет;Ответственный;Напомнить одному должнику;Как ответственный я хочу отправить напоминание конкретному должнику;OverviewView вызывает POST /api/budget/send-reminder для конкретной транзакции;frontend/src/components/budget/OverviewView.tsx backend/src/api/routes/budget.routes.ts backend/src/services/budget.service.ts;Исправлено;Пройдено;Если долгов нет, но есть поступления, обзор открывался на пустой вкладке Я должен, а иконка напоминания не имела доступного имени;OverviewView автоматически открывает вкладку Мне должны при наличии только поступлений, кнопка напоминания получила aria-label;Пройдено: BudgetFlow.test.tsx + backend budget.service.test.ts
RL-US-079;Бюджет;Ответственный;Ввести доставку, сервис и чаевые по заказу;Как ответственный я хочу добавить общие расходы и перерасчитать долги;CostEntryForm валидировала неотрицательные суммы и вызывала POST /api/budget/order-costs/:pollId — маршрут удалён (переписывал долги от имени последнего проголосовавшего), запись расходов идёт через PUT /api/category-orders/:id/costs;frontend/src/components/budget/CostEntryForm.tsx backend/src/api/routes/budget.routes.ts backend/src/services/budget.service.ts;Исправлено;Пройдено;Дополнительные расходы делились только между должниками, без доли ответственного;setOrderCosts удалён вместе с маршрутом — деление доставки, сервиса и чаевых на всех участников заказа делает CategoryOrderService.updateCosts, где ответственный проверяется по самой категории;Пройдено: unit category-order.service.test.ts + category-order.controller.test.ts + category-order-authorization.test.ts (прежние проверки через BudgetFlow.test.tsx и budget.service.test.ts относились к удалённому маршруту)
RL-US-080;Бюджет;Пользователь;Разбивка стоимости заказа;Как участник я хочу увидеть из чего сложилась сумма;CostBreakdownView загружает /api/budget/poll-breakdown/:pollId и показывает таблицу item/delivery/service/tip/status;frontend/src/components/budget/CostBreakdownView.tsx backend/src/api/routes/budget.routes.ts backend/src/services/budget.service.ts;Исправлено;Пройдено;У старых транзакций без itemPrice разбивка могла показывать стоимость блюда как 0;getPollCostBreakdown берет цену из itemPrice, затем из menuItem.price, затем из amount минус доли расходов;Пройдено: BudgetFlow.test.tsx + backend budget.service.test.ts
RL-US-081;Категорийный заказ;Ответственный за категорию;Калькулятор категорий;Как ответственный за категорию я хочу ввести позиции участников, допрасходы и финализировать расчет;CategoryOrderCalculator загружает участников и order-items, автосохраняет позиции, обновляет costs и вызывает finalize;frontend/src/components/budget/CategoryOrderCalculator.tsx frontend/src/components/budget/OrderItemForm.tsx frontend/src/hooks/useOrderCalculation.ts backend/src/api/routes/category-order.routes.ts backend/src/services/order-calculation.service.ts backend/src/services/category-order.service.ts;Исправлено;Пройдено;Финализация могла стартовать до сохранения свежих допрасходов, а сервер принимал пустые позиции, нулевые цены и отрицательные costs;Перед finalize калькулятор сохраняет текущие расходы через updateCostsAsync, поля позиции получили доступные имена, backend валидирует itemName, price и non-negative costs;Пройдено: CategoryOrderFlow.test.tsx + category-order.service.test.ts + order-calculation.service.test.ts + backend build + frontend type-check
RL-US-082;Категорийный заказ;Участник;Стать ответственным за категорию;Как участник я хочу добровольно взять категорию;BudgetWidgetWithCalculator вызывает POST /api/category-orders/:id/volunteer;frontend/src/components/budget/BudgetWidgetWithCalculator.tsx frontend/src/services/category-order.service.ts backend/src/api/routes/category-order.routes.ts backend/src/services/multi-category-responsible.service.ts;Проверено;Пройдено;Нет;Не требуется;Пройдено: CategoryOrderFlow.test.tsx + category-order.service.test.ts
RL-US-083;Категорийный заказ;Администратор;История правок позиции;Как администратор я хочу видеть кто менял позицию в расчете;categoryOrderService.getEditHistory читает /api/order-items/:id/edit-history с adminMiddleware;frontend/src/services/category-order.service.ts backend/src/api/routes/category-order.routes.ts;Непроверяемый без UI;Исключено из текущего Mini App цикла;Backend route и frontend service существуют, но экран или компонент истории правок в Mini App не найден;Не меняем без пользовательского UI-потребителя;Проверено поиском по коду: getEditHistory используется только в category-order.service.ts
RL-US-084;Профиль;Пользователь;Просмотр профиля;Как пользователь я хочу видеть свои данные, статистику и переходы;ProfilePage показывает Telegram-данные, краткую статистику, историю, предложения, админ-доступ при правах;frontend/src/pages/ProfilePage.tsx;Проверено;Пройдено;Нет;Не требуется;Пройдено
RL-US-085;Профиль;Пользователь;Платежные данные;Как пользователь я хочу сохранить карту/телефон/описание для возвратов;ProfilePage загружает /api/user/payment-info и сохраняет PUT /api/user/payment-info;frontend/src/pages/ProfilePage.tsx frontend/src/services/user.service.ts backend/src/api/routes/user.routes.ts;Исправлено;Пройдено;Автосохранение могло потерять изменения при уходе с поля, невалидные данные теряли явный статус, поля не были связаны с label;blur сохраняет валидные данные сразу, невалидные остаются несохраненными, label/id добавлены;Пройдено
RL-US-086;Профиль;Пользователь;Форма обратной связи;Как пользователь я хочу отправить отзыв или проблему;FeedbackModal вызывает POST /api/feedback с типом и текстом;frontend/src/components/modals/FeedbackModal.tsx frontend/src/services/feedback.service.ts backend/src/api/routes/feedback.routes.ts;Исправлено;Пройдено;FeedbackModal писал служебные данные в console, textarea не была связана с label;console-вызовы удалены, textarea связана с label, backend anti-spoof проверен unit-тестом;Пройдено
RL-US-087;Профиль;Пользователь;Поддержать проект Stars;Как пользователь я хочу отправить поддержку через Telegram Stars;DonationModal выбирает сумму, вызывает /api/donations/stars, открывает invoice и показывает результат;frontend/src/components/donation/DonationModal.tsx frontend/src/services/donation.service.ts backend/src/api/routes/donation.routes.ts backend/src/bot/handlers/payments.handlers.ts;Исправлено;Пройдено;Закрытие модалки было без доступного имени, способ оплаты был карточкой-div вместо кнопки;кнопка закрытия получила aria-label, способ оплаты стал настоящей кнопкой, Stars-валидация backend покрыта тестом;Пройдено
RL-US-088;Статистика;Пользователь;Личная статистика;Как пользователь я хочу видеть свою активность и прогресс;StatsPage вкладка personal показывает Lunch DNA и компактный бюджетный блок без отладочного вывода данных API;frontend/src/pages/StatsPage.tsx frontend/src/services/lunch-dna.service.ts backend/src/api/routes/gamification.routes.ts;Проверено;Пройдено;Служебный вывод StatsPage мог печатать данные API в консоль;Удален console.log и добавлена повторная проверка вкладок;Проверено: targeted stats tests type-check full frontend tests frontend build
RL-US-089;Статистика;Группа;Статистика группы;Как участник я хочу видеть показатели текущей группы;StatsPage вкладка group переключается из Mini App и показывает групповые показатели и лидерборд для текущей группы;frontend/src/pages/StatsPage.tsx backend/src/api/routes/poll.routes.ts backend/src/api/routes/menu.routes.ts;Проверено;Пройдено;Риск регрессии переключения вкладок покрыт userEvent тестом;Не требуется;Проверено: StatsPage tab test full frontend tests
RL-US-090;Статистика;Пользователь;Общая статистика и рейтинг;Как пользователь я хочу сравнить себя с другими;Leaderboard читает /api/gamification/leaderboard с category limit groupId и показывает имя XP уровень и ранг;frontend/src/pages/StatsPage.tsx frontend/src/components/stats/Leaderboard.tsx frontend/src/services/gamification.service.ts backend/src/api/routes/gamification.routes.ts;Исправлено;Пройдено;Лидерборд был статической заглушкой и не использовал backend API;Добавлен gamificationService и API-загрузка в Leaderboard;Проверено: statistics service test StatsWidgets test full frontend tests frontend build
RL-US-091;Статистика;Пользователь;Инсайты бюджета и категорий;Как пользователь я хочу получить подсказки по тратам и категориям;BudgetInsightsWidget читает /api/insights/budget и /api/insights/categories и показывает средний чек экономию и любимую категорию;frontend/src/pages/StatsPage.tsx frontend/src/components/stats/BudgetInsightsWidget.tsx frontend/src/services/insights.service.ts backend/src/api/routes/insights.routes.ts;Исправлено;Пройдено;Блок бюджета был статической заглушкой и не использовал готовые analytics endpoints;Добавлен insightsApiService и API-загрузка в BudgetInsightsWidget;Проверено: statistics service test StatsWidgets test full frontend tests frontend build
RL-US-092;Статистика;Пользователь;Страница статистики конкретного пользователя;Как пользователь или администратор я хочу открыть подробную статистику участника;UserStatsPage загружает данные пользователя поддерживает Telegram BackButton и не пишет payload API в консоль;frontend/src/pages/UserStatsPage.tsx backend/src/api/routes/poll.routes.ts;Исправлено;Пройдено;UserStatsPage печатала пользовательскую статистику и ошибки в консоль;Удален console.log и console.error для payload статистики добавлен тест страницы;Проверено: UserStatsPage test full frontend tests frontend build
RL-US-093;Админка;Администратор;Панель администратора;Как администратор я хочу управлять пользователями, долгами, очисткой и настройками;AdminDashboardPage проверяет группы, загружает users/debtors/debt-stats/cleanup/settings и показывает вкладки;frontend/src/pages/AdminDashboardPage.tsx frontend/src/services/admin.service.ts backend/src/api/routes/admin.routes.ts;Проверено;Пройдено;Нет;Не требуется;Пройдено
RL-US-094;Админка;Администратор;Управление пользователями;Как администратор я хочу менять права, активность и участие в опросах;UserManagementCard вызывает toggleAdmin, toggleActive, toggleParticipatesInPolls;frontend/src/components/admin/UserManagementCard.tsx backend/src/api/routes/admin.routes.ts;Проверено;Пройдено;Нет;Не требуется;Пройдено
RL-US-095;Админка;Администратор;Управление долгами;Как администратор я хочу простить долг или напомнить должнику;DebtManagementCard вызывает forgiveDebt, remindDebtor и remindAllDebtors;frontend/src/components/admin/DebtManagementCard.tsx backend/src/api/routes/admin.routes.ts;Исправлено;Пройдено;Строка должника была кликабельным блоком без роли кнопки;Исправлено;Пройдено
RL-US-096;Админка;Администратор;Очистка старых данных;Как администратор я хочу удалить старые голосования или транзакции;DataCleanupCard вызывает DELETE /api/admin/cleanup/old-polls и old-transactions с daysOld;frontend/src/components/admin/DataCleanupCard.tsx backend/src/api/routes/admin.routes.ts;Проверено;Пройдено;Нет;Не требуется;Пройдено
RL-US-097;Админка;Администратор;Настройки напоминаний о долгах;Как администратор я хочу настроить частоту и шаблон напоминаний;ReminderSettingsCard загружает и сохраняет /api/admin/reminder-settings/:groupId;frontend/src/components/admin/ReminderSettingsCard.tsx backend/src/api/routes/admin.routes.ts;Исправлено;Пройдено;Поля настроек не были связаны с подписями и числовые поля плохо редактировались;Исправлено;Пройдено
RL-US-098;Админка;Администратор;Настройки админ-уведомлений;Как администратор я хочу управлять уведомлениями для админов группы;AdminDashboardPage загружает и сохраняет /api/admin/notification-settings/:groupId;frontend/src/pages/AdminDashboardPage.tsx backend/src/api/routes/admin.routes.ts;Проверено;Пройдено;Нет;Не требуется;Пройдено
RL-US-099;Уведомления;Пользователь;Напомнить администратору о запуске голосования;Как участник я хочу попросить админа запустить голосование;HomePage вызывает /api/notifications/remind-admin, сервис учитывает cooldown;frontend/src/pages/HomePage.tsx frontend/src/services/notification.service.ts backend/src/api/routes/notification.routes.ts;Проверено;Пройдено;Нет;Не требуется;Пройдено
RL-US-100;Уведомления;Пользователь;Проверка cooldown напоминания админу;Как пользователь я хочу видеть когда можно снова напомнить;notificationService.getCooldownStatus читает /api/notifications/cooldown/:groupId;frontend/src/services/notification.service.ts backend/src/api/routes/notification.routes.ts;Проверено;Пройдено;Нет;Не требуется;Пройдено
RL-US-101;Главная;Пользователь;Пригласить друга;Как пользователь я хочу поделиться ссылкой на бота;HomePage пробует Telegram shareLink, openTelegramLink, openLink и запасной alert;frontend/src/pages/HomePage.tsx;Проверено;Пройдено;Нет;Не требуется;Пройдено
RL-US-102;Главная;Пользователь;Показать топ-блюдо;Как пользователь я хочу увидеть самое популярное блюдо;HomePage загружает популярные блюда и показывает TopDishModal;frontend/src/pages/HomePage.tsx frontend/src/components/modals/TopDishModal.tsx;Исправлено;Пройдено;Обработчик топ-блюда не был привязан к кнопке в Mini App;Исправлено;Пройдено
RL-US-103;Онбординг;Новый пользователь;Приветственный экран;Как новый пользователь я хочу кратко понять возможности Mini App;WelcomeModal показывает слайды и закрывается через useOnboarding;frontend/src/components/onboarding/WelcomeModal.tsx frontend/src/hooks/useOnboarding.ts;Исправлено;Пройдено;useOnboarding писал служебные сообщения в консоль при обычном запуске;Исправлено;Пройдено
RL-US-104;Внешний вид;Пользователь;Синхронизация темы с Telegram;Как пользователь я хочу чтобы цвета приложения совпадали с темой Telegram;App применяет class dark/light и выставляет header/background/bottomBar color в Telegram WebApp;frontend/src/App.tsx frontend/src/hooks/useTelegram.ts;Исправлено;Пройдено;Layout писал внутреннее состояние в консоль при обычном рендере;Исправлено;Пройдено
RL-US-105;PWA;Пользователь;Индикатор отсутствия сети;Как пользователь я хочу понимать что сеть пропала;OfflineIndicator и useOnlineStatus показывают офлайн-состояние;frontend/src/components/common/OfflineIndicator.tsx frontend/src/hooks/useOnlineStatus.ts;Проверено;Пройдено;Нет;Не требуется;Пройдено
RL-US-106;PWA;Пользователь;Предложение обновить приложение;Как пользователь я хочу обновить устаревшую версию без поломки;PWAUpdatePrompt и versionCheck обрабатывают обновление сервис-воркера и версию;frontend/src/components/common/PWAUpdatePrompt.tsx frontend/src/utils/versionCheck.ts;Исправлено;Пройдено;versionCheck писал служебные сообщения в консоль при проверке и очистке кэша;Исправлено;Пройдено
RL-US-107;PWA;Пользователь;Восстановление после ошибки загрузки чанка;Как пользователь я хочу чтобы приложение само восстановилось после нового деплоя;App ловит Failed to fetch dynamically imported module, один раз очищает service worker и перезагружает страницу;frontend/src/App.tsx frontend/src/utils/chunkRecovery.ts;Проверено;Пройдено;Нет;Не требуется;Пройдено
RL-US-108;Реальное время;Пользователь;Обновления через SSE;Как пользователь я хочу видеть свежие данные без ручного обновления;useSSE подключается к /api/polls/:pollId/stream с токеном и инвалидирует запросы React Query;frontend/src/hooks/useSSE.ts backend/src/api/routes/sse.routes.ts frontend/tests/hooks/useSSE.test.tsx;Исправлено;Пройдено;useSSE писал служебные SSE-события в консоль при подключении и обновлениях;Исправлено в frontend/src/hooks/useSSE.ts;Повторная проверка пройдена: frontend npm test -- --run tests/hooks/useSSE.test.tsx tests/hooks/useUserAvatar.test.tsx, 2 проверки
RL-US-109;Аватары;Пользователь;Загрузка аватаров;Как пользователь я хочу видеть аватары участников;useUserAvatar/useUserAvatarsBatch вызывают /api/user/:userId/avatar и /api/user/avatars/batch, backend отдает подписанные/проксированные аватары;frontend/src/hooks/useUserAvatar.ts backend/src/api/routes/user.routes.ts backend/src/api/routes/avatar.routes.ts frontend/tests/hooks/useUserAvatar.test.tsx;Исправлено;Пройдено;useUserAvatar писал служебные сообщения в консоль при загрузке и работе кэша, а clearAvatarCache очищал только localStorage без памяти текущей вкладки;Исправлено в frontend/src/hooks/useUserAvatar.ts;Повторная проверка пройдена: frontend npm test -- --run tests/hooks/useSSE.test.tsx tests/hooks/useUserAvatar.test.tsx, 2 проверки
RL-US-110;Мониторинг;Администратор;Проверка здоровья сервиса;Как администратор я хочу понимать жив ли сервис;Маршруты /health, /health/ready, /health/live возвращают состояние API и зависимостей;backend/src/api/routes/health.routes.ts backend/src/api/server.ts backend/src/__tests__/unit/routes/monitoring.routes.test.ts;Проверено;Пройдено;Полный backend Jest без отдельной команды был заблокирован недоступной PostgreSQL test-БД, маршрутный unit-тест запущен с отключенным globalSetup;Не требуется;Проверка пройдена: backend npx jest --runInBand src/__tests__/unit/routes/monitoring.routes.test.ts --globalSetup=, 6 проверок
RL-US-111;Мониторинг;Администратор;Метрики приложения;Как администратор я хочу смотреть метрики и поток SSE метрик;Admin-only маршруты /api/metrics, /api/metrics/detailed, /api/metrics/sse отдают Prometheus/детальные данные;backend/src/api/routes/metrics.routes.ts backend/src/__tests__/unit/routes/monitoring.routes.test.ts;Проверено;Пройдено;Полный backend Jest без отдельной команды был заблокирован недоступной PostgreSQL test-БД, маршрутный unit-тест запущен с отключенным globalSetup;Не требуется;Проверка пройдена: backend npx jest --runInBand src/__tests__/unit/routes/monitoring.routes.test.ts --globalSetup=, 6 проверок
RL-US-112;Платежи Telegram;Пользователь;Обработка успешной оплаты Stars;Как пользователь я хочу чтобы успешная поддержка была зафиксирована;payments.handlers слушает pre_checkout_query и successful_payment, подтверждает donation по payload donation;backend/src/bot/handlers/payments.handlers.ts backend/src/services/donation.service.ts backend/src/__tests__/unit/bot/payments.handlers.test.ts backend/src/services/__tests__/donation.service.test.ts;Проверено;Пройдено;Контур связан с Telegram Payments, но это не Telegram-команда: обработчик нужен для Mini App-инвойса Stars;Не требуется;Проверка пройдена: backend npx jest --runInBand src/__tests__/unit/bot/payments.handlers.test.ts src/services/__tests__/donation.service.test.ts --globalSetup= в составе набора RL-US-112..114, 16 проверок
RL-US-113;Планировщик;Система;Автоматические голосования по расписанию;Как группа я хочу чтобы обеды запускались по расписанию;PollSchedulerService стартует с ботом, читает RecurringPoll, создает голосования и умеет отключать расписание по callback recurring:disable;backend/src/services/poll-scheduler.service.ts backend/src/api/routes/recurring-poll.routes.ts backend/src/bot/bot.ts backend/src/__tests__/unit/services/poll-scheduler.service.test.ts;Проверено;Пройдено;Telegram-команды не менялись, проверены только сервис расписания и callback отключения;Не требуется;Проверка пройдена: backend npx jest --runInBand src/__tests__/unit/services/poll-scheduler.service.test.ts --globalSetup= в составе набора RL-US-112..114, 16 проверок
RL-US-114;Планировщик;Система;Автоотмена/автопереход магазинного забега;Как группа я хочу чтобы просроченный магазинный сбор не зависал;store-run-autoclose.job и store-run-expire.service переводят статусы COLLECTING/SHOPPING по условиям времени;backend/src/jobs/store-run-autoclose.job.ts backend/src/services/store-run.service.ts backend/src/__tests__/unit/jobs/store-run-autoclose.job.test.ts backend/src/__tests__/unit/services/store-run-autoclose.service.test.ts backend/src/__tests__/unit/services/store-run-expire.service.test.ts;Проверено;Пройдено;Ошибок приложения не найдено, добавлена проверка cron-джоба поверх уже существующих сервисных проверок;Не требуется;Проверка пройдена: backend npx jest --runInBand src/__tests__/unit/jobs/store-run-autoclose.job.test.ts src/__tests__/unit/services/store-run-autoclose.service.test.ts src/__tests__/unit/services/store-run-expire.service.test.ts --globalSetup= в составе набора RL-US-112..114, 16 проверок
RL-US-115;Основной интерфейс;Разработчик;frontend-new как основной Mini App;Как разработчик я хочу иметь один явно выбранный интерфейс для сборки и выпуска;deploy/update скрипты и сервер по умолчанию используют FRONTEND_DIR=frontend-new, маршруты проверены на React Router 7;update-vps.sh deploy-vps.sh frontend-new/package.json frontend-new/src/App.tsx;Основной контур;Исправлено;Включать frontend-new во все основные проверки Mini App и выпускать по умолчанию;Пройдено;Подтверждено: TypeScript, lint без предупреждений, 298 модульных тестов и полный Playwright-прогон
RL-US-116;Тестовый контур;Разработчик;Запуск автоматических тестов бэкенда;Как разработчик я хочу запускать тесты бэкенда чтобы проверять пользовательские сценарии без ручного регресса;Команда npm test -- --runInBand должна проходить подготовку globalSetup и запускать Jest тесты;backend/jest.config.js backend/src/__tests__/globalSetup.ts backend/src/services/metrics.service.ts;Проверено с ограничением;Блокировано окружением;Для полного запуска нужна доступная PostgreSQL test-БД. Сейчас PostgreSQL-служба не найдена, docker недоступен, npm test -- --runInBand останавливается на globalSetup;Кодовая проблема с зависанием Jest исправлена ранее в backend/src/services/metrics.service.ts и сообщение globalSetup уже объясняет причину;Свежая проверка: backend npm test -- --runInBand src/__tests__/unit/routes/monitoring.routes.test.ts остановился на globalSetup из-за PostgreSQL, точечные unit-наборы запускались с --globalSetup= и прошли
